author,title
alexander garcia,data mining applications in modern systems cybersecurity applications in modern systems data mining applications in modern systems big data analytics applications in modern systems big data analytics applications in modern systems healthcare ai applications in modern systems healthcare ai applications in modern systems edge computing applications in modern systems blockchain applications in modern systems iot systems applications in modern systems cloud computing applications in modern systems iot systems applications in modern systems computer vision applications in modern systems computer vision applications in modern systems graph neural networks applications in modern systems big data analytics applications in modern systems quantum computing applications in modern systems data mining applications in modern systems edge computing applications in modern systems cloud computing applications in modern systems graph neural networks applications in modern systems edge computing applications in modern systems deep learning applications in modern systems healthcare ai applications in modern systems deep learning applications in modern systems edge computing applications in modern systems deep learning applications in modern systems computer vision applications in modern systems cloud computing applications in modern systems healthcare ai applications in modern systems iot systems applications in modern systems deep learning applications in modern systems natural language processing applications in modern systems cloud computing applications in modern systems quantum computing applications in modern systems graph neural networks applications in modern systems iot systems applications in modern systems 
alice martin,iot systems applications in modern systems cloud computing applications in modern systems healthcare ai applications in modern systems data mining applications in modern systems graph neural networks applications in modern systems cybersecurity applications in modern systems blockchain applications in modern systems edge computing applications in modern systems edge computing applications in modern systems cloud computing applications in modern systems edge computing applications in modern systems healthcare ai applications in modern systems graph neural networks applications in modern systems edge computing applications in modern systems graph neural networks applications in modern systems deep learning applications in modern systems blockchain applications in modern systems graph neural networks applications in modern systems natural language processing applications in modern systems quantum computing applications in modern systems data mining applications in modern systems data mining applications in modern systems cybersecurity applications in modern systems big data analytics applications in modern systems blockchain applications in modern systems healthcare ai applications in modern systems graph neural networks applications in modern systems edge computing applications in modern systems big data analytics applications in modern systems computer vision applications in modern systems data mining applications in modern systems big data analytics applications in modern systems cybersecurity applications in modern systems deep learning applications in modern systems data mining applications in modern systems iot systems applications in modern systems cybersecurity applications in modern systems big data analytics applications in modern systems healthcare ai applications in modern systems iot systems applications in modern systems 
amelia garcia,cybersecurity applications in modern systems natural language processing applications in modern systems edge computing applications in modern systems blockchain applications in modern systems reinforcement learning applications in modern systems cybersecurity applications in modern systems natural language processing applications in modern systems healthcare ai applications in modern systems blockchain applications in modern systems deep learning applications in modern systems iot systems applications in modern systems natural language processing applications in modern systems computer vision applications in modern systems cloud computing applications in modern systems deep learning applications in modern systems blockchain applications in modern systems edge computing applications in modern systems iot systems applications in modern systems big data analytics applications in modern systems cloud computing applications in modern systems deep learning applications in modern systems deep learning applications in modern systems reinforcement learning applications in modern systems reinforcement learning applications in modern systems computer vision applications in modern systems blockchain applications in modern systems computer vision applications in modern systems reinforcement learning applications in modern systems data mining applications in modern systems reinforcement learning applications in modern systems natural language processing applications in modern systems computer vision applications in modern systems cybersecurity applications in modern systems iot systems applications in modern systems graph neural networks applications in modern systems deep learning applications in modern systems big data analytics applications in modern systems data mining applications in modern systems blockchain applications in modern systems natural language processing applications in modern systems computer vision applications in modern systems 
amelia lewis,reinforcement learning applications in modern systems edge computing applications in modern systems big data analytics applications in modern systems data mining applications in modern systems quantum computing applications in modern systems graph neural networks applications in modern systems data mining applications in modern systems edge computing applications in modern systems deep learning applications in modern systems blockchain applications in modern systems healthcare ai applications in modern systems iot systems applications in modern systems deep learning applications in modern systems cloud computing applications in modern systems cloud computing applications in modern systems blockchain applications in modern systems blockchain applications in modern systems healthcare ai applications in modern systems data mining applications in modern systems natural language processing applications in modern systems cybersecurity applications in modern systems natural language processing applications in modern systems iot systems applications in modern systems cybersecurity applications in modern systems reinforcement learning applications in modern systems reinforcement learning applications in modern systems edge computing applications in modern systems graph neural networks applications in modern systems deep learning applications in modern systems 
benjamin jackson,edge computing applications in modern systems iot systems applications in modern systems cloud computing applications in modern systems graph neural networks applications in modern systems data mining applications in modern systems deep learning applications in modern systems cloud computing applications in modern systems edge computing applications in modern systems graph neural networks applications in modern systems edge computing applications in modern systems cloud computing applications in modern systems blockchain applications in modern systems data mining applications in modern systems iot systems applications in modern systems data mining applications in modern systems natural language processing applications in modern systems healthcare ai applications in modern systems computer vision applications in modern systems edge computing applications in modern systems data mining applications in modern systems big data analytics applications in modern systems natural language processing applications in modern systems cybersecurity applications in modern systems reinforcement learning applications in modern systems blockchain applications in modern systems deep learning applications in modern systems cybersecurity applications in modern systems natural language processing applications in modern systems natural language processing applications in modern systems natural language processing applications in modern systems big data analytics applications in modern systems edge computing applications in modern systems iot systems applications in modern systems deep learning applications in modern systems natural language processing applications in modern systems healthcare ai applications in modern systems natural language processing applications in modern systems quantum computing applications in modern systems big data analytics applications in modern systems data mining applications in modern systems deep learning applications in modern systems natural language processing applications in modern systems 
charlotte garcia,cybersecurity applications in modern systems natural language processing applications in modern systems computer vision applications in modern systems blockchain applications in modern systems data mining applications in modern systems cloud computing applications in modern systems data mining applications in modern systems blockchain applications in modern systems cybersecurity applications in modern systems quantum computing applications in modern systems edge computing applications in modern systems cloud computing applications in modern systems natural language processing applications in modern systems cloud computing applications in modern systems edge computing applications in modern systems graph neural networks applications in modern systems cybersecurity applications in modern systems reinforcement learning applications in modern systems blockchain applications in modern systems computer vision applications in modern systems healthcare ai applications in modern systems edge computing applications in modern systems deep learning applications in modern systems healthcare ai applications in modern systems deep learning applications in modern systems big data analytics applications in modern systems blockchain applications in modern systems data mining applications in modern systems data mining applications in modern systems deep learning applications in modern systems natural language processing applications in modern systems graph neural networks applications in modern systems quantum computing applications in modern systems blockchain applications in modern systems iot systems applications in modern systems 
charlotte lee,graph neural networks applications in modern systems cloud computing applications in modern systems cloud computing applications in modern systems graph neural networks applications in modern systems cybersecurity applications in modern systems computer vision applications in modern systems quantum computing applications in modern systems computer vision applications in modern systems quantum computing applications in modern systems healthcare ai applications in modern systems cloud computing applications in modern systems reinforcement learning applications in modern systems edge computing applications in modern systems edge computing applications in modern systems graph neural networks applications in modern systems big data analytics applications in modern systems quantum computing applications in modern systems cloud computing applications in modern systems big data analytics applications in modern systems cybersecurity applications in modern systems data mining applications in modern systems healthcare ai applications in modern systems iot systems applications in modern systems data mining applications in modern systems reinforcement learning applications in modern systems data mining applications in modern systems cybersecurity applications in modern systems cloud computing applications in modern systems cybersecurity applications in modern systems deep learning applications in modern systems natural language processing applications in modern systems deep learning applications in modern systems cloud computing applications in modern systems deep learning applications in modern systems healthcare ai applications in modern systems 
charlotte smith,blockchain applications in modern systems quantum computing applications in modern systems big data analytics applications in modern systems edge computing applications in modern systems cybersecurity applications in modern systems quantum computing applications in modern systems deep learning applications in modern systems iot systems applications in modern systems graph neural networks applications in modern systems quantum computing applications in modern systems iot systems applications in modern systems blockchain applications in modern systems cybersecurity applications in modern systems iot systems applications in modern systems cybersecurity applications in modern systems iot systems applications in modern systems blockchain applications in modern systems natural language processing applications in modern systems edge computing applications in modern systems reinforcement learning applications in modern systems data mining applications in modern systems data mining applications in modern systems iot systems applications in modern systems cloud computing applications in modern systems data mining applications in modern systems iot systems applications in modern systems edge computing applications in modern systems quantum computing applications in modern systems cybersecurity applications in modern systems reinforcement learning applications in modern systems cybersecurity applications in modern systems big data analytics applications in modern systems 
charlotte thomas,natural language processing applications in modern systems blockchain applications in modern systems healthcare ai applications in modern systems computer vision applications in modern systems iot systems applications in modern systems deep learning applications in modern systems cloud computing applications in modern systems big data analytics applications in modern systems natural language processing applications in modern systems computer vision applications in modern systems natural language processing applications in modern systems cybersecurity applications in modern systems cloud computing applications in modern systems graph neural networks applications in modern systems graph neural networks applications in modern systems blockchain applications in modern systems reinforcement learning applications in modern systems iot systems applications in modern systems cybersecurity applications in modern systems quantum computing applications in modern systems cloud computing applications in modern systems graph neural networks applications in modern systems data mining applications in modern systems blockchain applications in modern systems graph neural networks applications in modern systems big data analytics applications in modern systems blockchain applications in modern systems cybersecurity applications in modern systems reinforcement learning applications in modern systems reinforcement learning applications in modern systems big data analytics applications in modern systems big data analytics applications in modern systems quantum computing applications in modern systems natural language processing applications in modern systems healthcare ai applications in modern systems big data analytics applications in modern systems data mining applications in modern systems reinforcement learning applications in modern systems cloud computing applications in modern systems reinforcement learning applications in modern systems cybersecurity applications in modern systems big data analytics applications in modern systems edge computing applications in modern systems cloud computing applications in modern systems blockchain applications in modern systems cloud computing applications in modern systems deep learning applications in modern systems 
daniel robinson,computer vision applications in modern systems edge computing applications in modern systems edge computing applications in modern systems cloud computing applications in modern systems quantum computing applications in modern systems cloud computing applications in modern systems reinforcement learning applications in modern systems blockchain applications in modern systems cybersecurity applications in modern systems iot systems applications in modern systems deep learning applications in modern systems deep learning applications in modern systems iot systems applications in modern systems graph neural networks applications in modern systems reinforcement learning applications in modern systems blockchain applications in modern systems deep learning applications in modern systems cybersecurity applications in modern systems quantum computing applications in modern systems graph neural networks applications in modern systems healthcare ai applications in modern systems natural language processing applications in modern systems healthcare ai applications in modern systems computer vision applications in modern systems quantum computing applications in modern systems edge computing applications in modern systems iot systems applications in modern systems deep learning applications in modern systems blockchain applications in modern systems quantum computing applications in modern systems computer vision applications in modern systems computer vision applications in modern systems 
david brown,graph neural networks applications in modern systems cloud computing applications in modern systems big data analytics applications in modern systems deep learning applications in modern systems computer vision applications in modern systems reinforcement learning applications in modern systems big data analytics applications in modern systems natural language processing applications in modern systems healthcare ai applications in modern systems computer vision applications in modern systems natural language processing applications in modern systems big data analytics applications in modern systems reinforcement learning applications in modern systems cloud computing applications in modern systems healthcare ai applications in modern systems natural language processing applications in modern systems healthcare ai applications in modern systems quantum computing applications in modern systems reinforcement learning applications in modern systems healthcare ai applications in modern systems healthcare ai applications in modern systems edge computing applications in modern systems computer vision applications in modern systems computer vision applications in modern systems graph neural networks applications in modern systems cloud computing applications in modern systems cybersecurity applications in modern systems edge computing applications in modern systems blockchain applications in modern systems data mining applications in modern systems reinforcement learning applications in modern systems data mining applications in modern systems data mining applications in modern systems cybersecurity applications in modern systems reinforcement learning applications in modern systems blockchain applications in modern systems healthcare ai applications in modern systems blockchain applications in modern systems big data analytics applications in modern systems iot systems applications in modern systems healthcare ai applications in modern systems reinforcement learning applications in modern systems big data analytics applications in modern systems cybersecurity applications in modern systems graph neural networks applications in modern systems computer vision applications in modern systems cybersecurity applications in modern systems reinforcement learning applications in modern systems cloud computing applications in modern systems computer vision applications in modern systems cybersecurity applications in modern systems 
david harris,quantum computing applications in modern systems big data analytics applications in modern systems healthcare ai applications in modern systems edge computing applications in modern systems data mining applications in modern systems data mining applications in modern systems big data analytics applications in modern systems cloud computing applications in modern systems blockchain applications in modern systems big data analytics applications in modern systems healthcare ai applications in modern systems cybersecurity applications in modern systems big data analytics applications in modern systems graph neural networks applications in modern systems healthcare ai applications in modern systems blockchain applications in modern systems edge computing applications in modern systems cloud computing applications in modern systems blockchain applications in modern systems reinforcement learning applications in modern systems natural language processing applications in modern systems blockchain applications in modern systems reinforcement learning applications in modern systems edge computing applications in modern systems cloud computing applications in modern systems reinforcement learning applications in modern systems data mining applications in modern systems blockchain applications in modern systems data mining applications in modern systems big data analytics applications in modern systems cloud computing applications in modern systems computer vision applications in modern systems deep learning applications in modern systems computer vision applications in modern systems edge computing applications in modern systems natural language processing applications in modern systems data mining applications in modern systems reinforcement learning applications in modern systems iot systems applications in modern systems 
david lee,iot systems applications in modern systems blockchain applications in modern systems cloud computing applications in modern systems data mining applications in modern systems cloud computing applications in modern systems quantum computing applications in modern systems edge computing applications in modern systems healthcare ai applications in modern systems iot systems applications in modern systems iot systems applications in modern systems deep learning applications in modern systems reinforcement learning applications in modern systems blockchain applications in modern systems reinforcement learning applications in modern systems quantum computing applications in modern systems data mining applications in modern systems computer vision applications in modern systems natural language processing applications in modern systems data mining applications in modern systems reinforcement learning applications in modern systems cloud computing applications in modern systems reinforcement learning applications in modern systems deep learning applications in modern systems cybersecurity applications in modern systems cloud computing applications in modern systems quantum computing applications in modern systems iot systems applications in modern systems big data analytics applications in modern systems iot systems applications in modern systems cybersecurity applications in modern systems edge computing applications in modern systems data mining applications in modern systems natural language processing applications in modern systems 
emma hall,data mining applications in modern systems computer vision applications in modern systems healthcare ai applications in modern systems cloud computing applications in modern systems iot systems applications in modern systems quantum computing applications in modern systems quantum computing applications in modern systems computer vision applications in modern systems graph neural networks applications in modern systems blockchain applications in modern systems data mining applications in modern systems edge computing applications in modern systems big data analytics applications in modern systems blockchain applications in modern systems reinforcement learning applications in modern systems iot systems applications in modern systems computer vision applications in modern systems quantum computing applications in modern systems graph neural networks applications in modern systems computer vision applications in modern systems iot systems applications in modern systems blockchain applications in modern systems computer vision applications in modern systems data mining applications in modern systems healthcare ai applications in modern systems graph neural networks applications in modern systems healthcare ai applications in modern systems healthcare ai applications in modern systems iot systems applications in modern systems computer vision applications in modern systems data mining applications in modern systems computer vision applications in modern systems healthcare ai applications in modern systems reinforcement learning applications in modern systems 
emma rodriguez,data mining applications in modern systems cybersecurity applications in modern systems healthcare ai applications in modern systems iot systems applications in modern systems big data analytics applications in modern systems deep learning applications in modern systems data mining applications in modern systems computer vision applications in modern systems natural language processing applications in modern systems iot systems applications in modern systems deep learning applications in modern systems blockchain applications in modern systems graph neural networks applications in modern systems cybersecurity applications in modern systems quantum computing applications in modern systems cloud computing applications in modern systems big data analytics applications in modern systems deep learning applications in modern systems reinforcement learning applications in modern systems data mining applications in modern systems computer vision applications in modern systems iot systems applications in modern systems cybersecurity applications in modern systems blockchain applications in modern systems cybersecurity applications in modern systems cybersecurity applications in modern systems cybersecurity applications in modern systems natural language processing applications in modern systems big data analytics applications in modern systems natural language processing applications in modern systems natural language processing applications in modern systems cloud computing applications in modern systems graph neural networks applications in modern systems cloud computing applications in modern systems natural language processing applications in modern systems data mining applications in modern systems blockchain applications in modern systems graph neural networks applications in modern systems computer vision applications in modern systems cloud computing applications in modern systems deep learning applications in modern systems 
emma thomas,cloud computing applications in modern systems healthcare ai applications in modern systems natural language processing applications in modern systems graph neural networks applications in modern systems iot systems applications in modern systems quantum computing applications in modern systems blockchain applications in modern systems cloud computing applications in modern systems cybersecurity applications in modern systems data mining applications in modern systems graph neural networks applications in modern systems quantum computing applications in modern systems iot systems applications in modern systems big data analytics applications in modern systems big data analytics applications in modern systems healthcare ai applications in modern systems iot systems applications in modern systems reinforcement learning applications in modern systems natural language processing applications in modern systems cybersecurity applications in modern systems big data analytics applications in modern systems natural language processing applications in modern systems computer vision applications in modern systems iot systems applications in modern systems edge computing applications in modern systems graph neural networks applications in modern systems healthcare ai applications in modern systems reinforcement learning applications in modern systems edge computing applications in modern systems quantum computing applications in modern systems natural language processing applications in modern systems iot systems applications in modern systems cloud computing applications in modern systems 
evelyn hall,graph neural networks applications in modern systems computer vision applications in modern systems iot systems applications in modern systems blockchain applications in modern systems cybersecurity applications in modern systems big data analytics applications in modern systems quantum computing applications in modern systems graph neural networks applications in modern systems deep learning applications in modern systems deep learning applications in modern systems iot systems applications in modern systems data mining applications in modern systems cloud computing applications in modern systems deep learning applications in modern systems cybersecurity applications in modern systems cloud computing applications in modern systems computer vision applications in modern systems quantum computing applications in modern systems cloud computing applications in modern systems computer vision applications in modern systems healthcare ai applications in modern systems cloud computing applications in modern systems data mining applications in modern systems iot systems applications in modern systems healthcare ai applications in modern systems healthcare ai applications in modern systems quantum computing applications in modern systems blockchain applications in modern systems iot systems applications in modern systems reinforcement learning applications in modern systems computer vision applications in modern systems cybersecurity applications in modern systems 
evelyn jackson,healthcare ai applications in modern systems reinforcement learning applications in modern systems deep learning applications in modern systems natural language processing applications in modern systems graph neural networks applications in modern systems iot systems applications in modern systems cybersecurity applications in modern systems edge computing applications in modern systems big data analytics applications in modern systems iot systems applications in modern systems natural language processing applications in modern systems cybersecurity applications in modern systems big data analytics applications in modern systems blockchain applications in modern systems data mining applications in modern systems healthcare ai applications in modern systems big data analytics applications in modern systems data mining applications in modern systems data mining applications in modern systems deep learning applications in modern systems iot systems applications in modern systems quantum computing applications in modern systems blockchain applications in modern systems graph neural networks applications in modern systems iot systems applications in modern systems cybersecurity applications in modern systems cybersecurity applications in modern systems cybersecurity applications in modern systems healthcare ai applications in modern systems natural language processing applications in modern systems computer vision applications in modern systems deep learning applications in modern systems natural language processing applications in modern systems cybersecurity applications in modern systems cybersecurity applications in modern systems edge computing applications in modern systems cloud computing applications in modern systems edge computing applications in modern systems data mining applications in modern systems healthcare ai applications in modern systems big data analytics applications in modern systems deep learning applications in modern systems 
evelyn lee,quantum computing applications in modern systems graph neural networks applications in modern systems healthcare ai applications in modern systems data mining applications in modern systems iot systems applications in modern systems data mining applications in modern systems computer vision applications in modern systems data mining applications in modern systems big data analytics applications in modern systems cloud computing applications in modern systems graph neural networks applications in modern systems deep learning applications in modern systems graph neural networks applications in modern systems healthcare ai applications in modern systems healthcare ai applications in modern systems deep learning applications in modern systems edge computing applications in modern systems deep learning applications in modern systems cloud computing applications in modern systems reinforcement learning applications in modern systems deep learning applications in modern systems reinforcement learning applications in modern systems computer vision applications in modern systems iot systems applications in modern systems edge computing applications in modern systems data mining applications in modern systems cloud computing applications in modern systems big data analytics applications in modern systems iot systems applications in modern systems data mining applications in modern systems natural language processing applications in modern systems blockchain applications in modern systems iot systems applications in modern systems iot systems applications in modern systems reinforcement learning applications in modern systems healthcare ai applications in modern systems healthcare ai applications in modern systems quantum computing applications in modern systems cybersecurity applications in modern systems healthcare ai applications in modern systems 
evelyn smith,cybersecurity applications in modern systems cybersecurity applications in modern systems blockchain applications in modern systems cybersecurity applications in modern systems reinforcement learning applications in modern systems deep learning applications in modern systems cloud computing applications in modern systems quantum computing applications in modern systems healthcare ai applications in modern systems graph neural networks applications in modern systems iot systems applications in modern systems cybersecurity applications in modern systems computer vision applications in modern systems data mining applications in modern systems edge computing applications in modern systems cloud computing applications in modern systems reinforcement learning applications in modern systems computer vision applications in modern systems edge computing applications in modern systems blockchain applications in modern systems iot systems applications in modern systems cloud computing applications in modern systems deep learning applications in modern systems healthcare ai applications in modern systems edge computing applications in modern systems iot systems applications in modern systems quantum computing applications in modern systems natural language processing applications in modern systems reinforcement learning applications in modern systems deep learning applications in modern systems quantum computing applications in modern systems computer vision applications in modern systems iot systems applications in modern systems natural language processing applications in modern systems big data analytics applications in modern systems cloud computing applications in modern systems deep learning applications in modern systems blockchain applications in modern systems 
evelyn white,data mining applications in modern systems natural language processing applications in modern systems cloud computing applications in modern systems quantum computing applications in modern systems iot systems applications in modern systems natural language processing applications in modern systems graph neural networks applications in modern systems edge computing applications in modern systems iot systems applications in modern systems blockchain applications in modern systems quantum computing applications in modern systems reinforcement learning applications in modern systems cloud computing applications in modern systems cloud computing applications in modern systems cloud computing applications in modern systems computer vision applications in modern systems data mining applications in modern systems big data analytics applications in modern systems healthcare ai applications in modern systems cloud computing applications in modern systems blockchain applications in modern systems iot systems applications in modern systems big data analytics applications in modern systems cybersecurity applications in modern systems data mining applications in modern systems computer vision applications in modern systems healthcare ai applications in modern systems edge computing applications in modern systems cybersecurity applications in modern systems data mining applications in modern systems cloud computing applications in modern systems cybersecurity applications in modern systems edge computing applications in modern systems computer vision applications in modern systems healthcare ai applications in modern systems edge computing applications in modern systems blockchain applications in modern systems cloud computing applications in modern systems blockchain applications in modern systems cloud computing applications in modern systems big data analytics applications in modern systems data mining applications in modern systems iot systems applications in modern systems 
harper walker,cybersecurity applications in modern systems cloud computing applications in modern systems cybersecurity applications in modern systems reinforcement learning applications in modern systems cloud computing applications in modern systems cloud computing applications in modern systems computer vision applications in modern systems data mining applications in modern systems iot systems applications in modern systems data mining applications in modern systems big data analytics applications in modern systems cloud computing applications in modern systems blockchain applications in modern systems reinforcement learning applications in modern systems graph neural networks applications in modern systems cloud computing applications in modern systems deep learning applications in modern systems natural language processing applications in modern systems iot systems applications in modern systems deep learning applications in modern systems quantum computing applications in modern systems healthcare ai applications in modern systems reinforcement learning applications in modern systems quantum computing applications in modern systems cloud computing applications in modern systems computer vision applications in modern systems data mining applications in modern systems healthcare ai applications in modern systems iot systems applications in modern systems natural language processing applications in modern systems graph neural networks applications in modern systems cloud computing applications in modern systems cloud computing applications in modern systems blockchain applications in modern systems graph neural networks applications in modern systems healthcare ai applications in modern systems edge computing applications in modern systems natural language processing applications in modern systems edge computing applications in modern systems deep learning applications in modern systems blockchain applications in modern systems reinforcement learning applications in modern systems 
henry anderson,data mining applications in modern systems iot systems applications in modern systems natural language processing applications in modern systems data mining applications in modern systems quantum computing applications in modern systems deep learning applications in modern systems quantum computing applications in modern systems data mining applications in modern systems graph neural networks applications in modern systems cybersecurity applications in modern systems data mining applications in modern systems natural language processing applications in modern systems blockchain applications in modern systems graph neural networks applications in modern systems natural language processing applications in modern systems deep learning applications in modern systems natural language processing applications in modern systems natural language processing applications in modern systems computer vision applications in modern systems quantum computing applications in modern systems natural language processing applications in modern systems data mining applications in modern systems quantum computing applications in modern systems cloud computing applications in modern systems natural language processing applications in modern systems big data analytics applications in modern systems iot systems applications in modern systems reinforcement learning applications in modern systems edge computing applications in modern systems graph neural networks applications in modern systems cloud computing applications in modern systems computer vision applications in modern systems iot systems applications in modern systems cloud computing applications in modern systems natural language processing applications in modern systems reinforcement learning applications in modern systems cloud computing applications in modern systems blockchain applications in modern systems 
henry lee,reinforcement learning applications in modern systems natural language processing applications in modern systems edge computing applications in modern systems graph neural networks applications in modern systems big data analytics applications in modern systems data mining applications in modern systems reinforcement learning applications in modern systems big data analytics applications in modern systems healthcare ai applications in modern systems cybersecurity applications in modern systems blockchain applications in modern systems healthcare ai applications in modern systems blockchain applications in modern systems reinforcement learning applications in modern systems edge computing applications in modern systems edge computing applications in modern systems quantum computing applications in modern systems healthcare ai applications in modern systems big data analytics applications in modern systems deep learning applications in modern systems big data analytics applications in modern systems edge computing applications in modern systems computer vision applications in modern systems data mining applications in modern systems edge computing applications in modern systems iot systems applications in modern systems natural language processing applications in modern systems data mining applications in modern systems iot systems applications in modern systems deep learning applications in modern systems computer vision applications in modern systems healthcare ai applications in modern systems natural language processing applications in modern systems cloud computing applications in modern systems natural language processing applications in modern systems edge computing applications in modern systems cybersecurity applications in modern systems deep learning applications in modern systems computer vision applications in modern systems cloud computing applications in modern systems blockchain applications in modern systems computer vision applications in modern systems 
henry martinez,quantum computing applications in modern systems cybersecurity applications in modern systems big data analytics applications in modern systems healthcare ai applications in modern systems natural language processing applications in modern systems data mining applications in modern systems natural language processing applications in modern systems iot systems applications in modern systems edge computing applications in modern systems cybersecurity applications in modern systems edge computing applications in modern systems cloud computing applications in modern systems graph neural networks applications in modern systems iot systems applications in modern systems natural language processing applications in modern systems healthcare ai applications in modern systems big data analytics applications in modern systems blockchain applications in modern systems data mining applications in modern systems big data analytics applications in modern systems edge computing applications in modern systems cloud computing applications in modern systems cloud computing applications in modern systems healthcare ai applications in modern systems edge computing applications in modern systems computer vision applications in modern systems cybersecurity applications in modern systems reinforcement learning applications in modern systems natural language processing applications in modern systems cybersecurity applications in modern systems data mining applications in modern systems iot systems applications in modern systems edge computing applications in modern systems blockchain applications in modern systems big data analytics applications in modern systems cloud computing applications in modern systems healthcare ai applications in modern systems cybersecurity applications in modern systems 
henry white,data mining applications in modern systems iot systems applications in modern systems graph neural networks applications in modern systems quantum computing applications in modern systems big data analytics applications in modern systems data mining applications in modern systems natural language processing applications in modern systems edge computing applications in modern systems graph neural networks applications in modern systems graph neural networks applications in modern systems blockchain applications in modern systems deep learning applications in modern systems reinforcement learning applications in modern systems reinforcement learning applications in modern systems data mining applications in modern systems cloud computing applications in modern systems cloud computing applications in modern systems cloud computing applications in modern systems quantum computing applications in modern systems iot systems applications in modern systems big data analytics applications in modern systems iot systems applications in modern systems reinforcement learning applications in modern systems data mining applications in modern systems cloud computing applications in modern systems natural language processing applications in modern systems graph neural networks applications in modern systems big data analytics applications in modern systems iot systems applications in modern systems reinforcement learning applications in modern systems cybersecurity applications in modern systems edge computing applications in modern systems computer vision applications in modern systems iot systems applications in modern systems big data analytics applications in modern systems quantum computing applications in modern systems blockchain applications in modern systems big data analytics applications in modern systems big data analytics applications in modern systems blockchain applications in modern systems edge computing applications in modern systems computer vision applications in modern systems natural language processing applications in modern systems computer vision applications in modern systems iot systems applications in modern systems natural language processing applications in modern systems edge computing applications in modern systems deep learning applications in modern systems healthcare ai applications in modern systems 
isabella brown,reinforcement learning applications in modern systems iot systems applications in modern systems computer vision applications in modern systems reinforcement learning applications in modern systems natural language processing applications in modern systems iot systems applications in modern systems computer vision applications in modern systems quantum computing applications in modern systems graph neural networks applications in modern systems iot systems applications in modern systems cybersecurity applications in modern systems cybersecurity applications in modern systems computer vision applications in modern systems graph neural networks applications in modern systems healthcare ai applications in modern systems natural language processing applications in modern systems healthcare ai applications in modern systems reinforcement learning applications in modern systems edge computing applications in modern systems natural language processing applications in modern systems cybersecurity applications in modern systems natural language processing applications in modern systems graph neural networks applications in modern systems data mining applications in modern systems blockchain applications in modern systems iot systems applications in modern systems data mining applications in modern systems blockchain applications in modern systems blockchain applications in modern systems edge computing applications in modern systems big data analytics applications in modern systems quantum computing applications in modern systems edge computing applications in modern systems iot systems applications in modern systems natural language processing applications in modern systems big data analytics applications in modern systems iot systems applications in modern systems graph neural networks applications in modern systems healthcare ai applications in modern systems 
isabella smith,reinforcement learning applications in modern systems data mining applications in modern systems deep learning applications in modern systems cloud computing applications in modern systems healthcare ai applications in modern systems big data analytics applications in modern systems quantum computing applications in modern systems cloud computing applications in modern systems edge computing applications in modern systems blockchain applications in modern systems reinforcement learning applications in modern systems reinforcement learning applications in modern systems graph neural networks applications in modern systems cloud computing applications in modern systems cloud computing applications in modern systems blockchain applications in modern systems computer vision applications in modern systems edge computing applications in modern systems big data analytics applications in modern systems quantum computing applications in modern systems iot systems applications in modern systems edge computing applications in modern systems cybersecurity applications in modern systems cloud computing applications in modern systems graph neural networks applications in modern systems cloud computing applications in modern systems healthcare ai applications in modern systems deep learning applications in modern systems healthcare ai applications in modern systems computer vision applications in modern systems 
isabella taylor,big data analytics applications in modern systems deep learning applications in modern systems blockchain applications in modern systems reinforcement learning applications in modern systems quantum computing applications in modern systems iot systems applications in modern systems healthcare ai applications in modern systems deep learning applications in modern systems blockchain applications in modern systems computer vision applications in modern systems quantum computing applications in modern systems data mining applications in modern systems natural language processing applications in modern systems big data analytics applications in modern systems computer vision applications in modern systems cloud computing applications in modern systems quantum computing applications in modern systems natural language processing applications in modern systems cloud computing applications in modern systems deep learning applications in modern systems big data analytics applications in modern systems data mining applications in modern systems cloud computing applications in modern systems edge computing applications in modern systems cloud computing applications in modern systems data mining applications in modern systems cloud computing applications in modern systems quantum computing applications in modern systems data mining applications in modern systems edge computing applications in modern systems big data analytics applications in modern systems quantum computing applications in modern systems quantum computing applications in modern systems 
isabella walker,computer vision applications in modern systems reinforcement learning applications in modern systems deep learning applications in modern systems healthcare ai applications in modern systems edge computing applications in modern systems iot systems applications in modern systems computer vision applications in modern systems data mining applications in modern systems data mining applications in modern systems natural language processing applications in modern systems cloud computing applications in modern systems data mining applications in modern systems deep learning applications in modern systems reinforcement learning applications in modern systems computer vision applications in modern systems data mining applications in modern systems computer vision applications in modern systems graph neural networks applications in modern systems data mining applications in modern systems reinforcement learning applications in modern systems data mining applications in modern systems quantum computing applications in modern systems cloud computing applications in modern systems reinforcement learning applications in modern systems quantum computing applications in modern systems cloud computing applications in modern systems big data analytics applications in modern systems blockchain applications in modern systems reinforcement learning applications in modern systems quantum computing applications in modern systems computer vision applications in modern systems graph neural networks applications in modern systems blockchain applications in modern systems blockchain applications in modern systems data mining applications in modern systems deep learning applications in modern systems 
james johnson,computer vision applications in modern systems big data analytics applications in modern systems quantum computing applications in modern systems healthcare ai applications in modern systems computer vision applications in modern systems big data analytics applications in modern systems healthcare ai applications in modern systems iot systems applications in modern systems iot systems applications in modern systems cybersecurity applications in modern systems reinforcement learning applications in modern systems edge computing applications in modern systems quantum computing applications in modern systems cloud computing applications in modern systems deep learning applications in modern systems big data analytics applications in modern systems data mining applications in modern systems iot systems applications in modern systems cloud computing applications in modern systems data mining applications in modern systems edge computing applications in modern systems blockchain applications in modern systems cloud computing applications in modern systems blockchain applications in modern systems healthcare ai applications in modern systems cybersecurity applications in modern systems healthcare ai applications in modern systems deep learning applications in modern systems cybersecurity applications in modern systems natural language processing applications in modern systems natural language processing applications in modern systems big data analytics applications in modern systems quantum computing applications in modern systems cloud computing applications in modern systems big data analytics applications in modern systems 
james white,healthcare ai applications in modern systems cloud computing applications in modern systems computer vision applications in modern systems deep learning applications in modern systems cloud computing applications in modern systems quantum computing applications in modern systems data mining applications in modern systems cybersecurity applications in modern systems deep learning applications in modern systems cybersecurity applications in modern systems computer vision applications in modern systems quantum computing applications in modern systems natural language processing applications in modern systems cybersecurity applications in modern systems reinforcement learning applications in modern systems natural language processing applications in modern systems iot systems applications in modern systems cloud computing applications in modern systems data mining applications in modern systems cloud computing applications in modern systems big data analytics applications in modern systems computer vision applications in modern systems reinforcement learning applications in modern systems reinforcement learning applications in modern systems healthcare ai applications in modern systems big data analytics applications in modern systems cloud computing applications in modern systems big data analytics applications in modern systems deep learning applications in modern systems cybersecurity applications in modern systems cloud computing applications in modern systems healthcare ai applications in modern systems quantum computing applications in modern systems iot systems applications in modern systems natural language processing applications in modern systems edge computing applications in modern systems deep learning applications in modern systems edge computing applications in modern systems quantum computing applications in modern systems 
john clark,data mining applications in modern systems big data analytics applications in modern systems deep learning applications in modern systems blockchain applications in modern systems cybersecurity applications in modern systems quantum computing applications in modern systems cloud computing applications in modern systems edge computing applications in modern systems iot systems applications in modern systems graph neural networks applications in modern systems graph neural networks applications in modern systems data mining applications in modern systems deep learning applications in modern systems reinforcement learning applications in modern systems deep learning applications in modern systems healthcare ai applications in modern systems iot systems applications in modern systems reinforcement learning applications in modern systems blockchain applications in modern systems natural language processing applications in modern systems cloud computing applications in modern systems graph neural networks applications in modern systems big data analytics applications in modern systems deep learning applications in modern systems cloud computing applications in modern systems cybersecurity applications in modern systems healthcare ai applications in modern systems reinforcement learning applications in modern systems deep learning applications in modern systems cybersecurity applications in modern systems natural language processing applications in modern systems edge computing applications in modern systems blockchain applications in modern systems cloud computing applications in modern systems reinforcement learning applications in modern systems data mining applications in modern systems computer vision applications in modern systems cybersecurity applications in modern systems natural language processing applications in modern systems big data analytics applications in modern systems natural language processing applications in modern systems big data analytics applications in modern systems computer vision applications in modern systems deep learning applications in modern systems deep learning applications in modern systems 
john harris,computer vision applications in modern systems data mining applications in modern systems healthcare ai applications in modern systems healthcare ai applications in modern systems cybersecurity applications in modern systems healthcare ai applications in modern systems cloud computing applications in modern systems natural language processing applications in modern systems computer vision applications in modern systems cloud computing applications in modern systems healthcare ai applications in modern systems computer vision applications in modern systems healthcare ai applications in modern systems cloud computing applications in modern systems graph neural networks applications in modern systems reinforcement learning applications in modern systems cybersecurity applications in modern systems cloud computing applications in modern systems big data analytics applications in modern systems iot systems applications in modern systems deep learning applications in modern systems deep learning applications in modern systems reinforcement learning applications in modern systems data mining applications in modern systems cloud computing applications in modern systems data mining applications in modern systems data mining applications in modern systems data mining applications in modern systems cloud computing applications in modern systems cybersecurity applications in modern systems iot systems applications in modern systems edge computing applications in modern systems big data analytics applications in modern systems big data analytics applications in modern systems blockchain applications in modern systems iot systems applications in modern systems graph neural networks applications in modern systems edge computing applications in modern systems cybersecurity applications in modern systems graph neural networks applications in modern systems cloud computing applications in modern systems edge computing applications in modern systems 
john jackson,graph neural networks applications in modern systems computer vision applications in modern systems iot systems applications in modern systems cloud computing applications in modern systems cloud computing applications in modern systems computer vision applications in modern systems data mining applications in modern systems graph neural networks applications in modern systems computer vision applications in modern systems big data analytics applications in modern systems reinforcement learning applications in modern systems cybersecurity applications in modern systems cloud computing applications in modern systems iot systems applications in modern systems blockchain applications in modern systems natural language processing applications in modern systems big data analytics applications in modern systems cybersecurity applications in modern systems healthcare ai applications in modern systems deep learning applications in modern systems edge computing applications in modern systems healthcare ai applications in modern systems computer vision applications in modern systems edge computing applications in modern systems reinforcement learning applications in modern systems data mining applications in modern systems big data analytics applications in modern systems cybersecurity applications in modern systems natural language processing applications in modern systems blockchain applications in modern systems cybersecurity applications in modern systems graph neural networks applications in modern systems cloud computing applications in modern systems iot systems applications in modern systems cybersecurity applications in modern systems big data analytics applications in modern systems big data analytics applications in modern systems cloud computing applications in modern systems quantum computing applications in modern systems 
john martinez,cybersecurity applications in modern systems healthcare ai applications in modern systems big data analytics applications in modern systems big data analytics applications in modern systems edge computing applications in modern systems cybersecurity applications in modern systems data mining applications in modern systems cloud computing applications in modern systems computer vision applications in modern systems computer vision applications in modern systems cloud computing applications in modern systems computer vision applications in modern systems edge computing applications in modern systems iot systems applications in modern systems big data analytics applications in modern systems iot systems applications in modern systems quantum computing applications in modern systems healthcare ai applications in modern systems natural language processing applications in modern systems big data analytics applications in modern systems edge computing applications in modern systems quantum computing applications in modern systems big data analytics applications in modern systems deep learning applications in modern systems quantum computing applications in modern systems cybersecurity applications in modern systems reinforcement learning applications in modern systems cloud computing applications in modern systems 
john rodriguez,cybersecurity applications in modern systems data mining applications in modern systems deep learning applications in modern systems healthcare ai applications in modern systems cybersecurity applications in modern systems cybersecurity applications in modern systems graph neural networks applications in modern systems reinforcement learning applications in modern systems deep learning applications in modern systems natural language processing applications in modern systems data mining applications in modern systems iot systems applications in modern systems blockchain applications in modern systems healthcare ai applications in modern systems healthcare ai applications in modern systems cloud computing applications in modern systems iot systems applications in modern systems iot systems applications in modern systems edge computing applications in modern systems iot systems applications in modern systems big data analytics applications in modern systems iot systems applications in modern systems data mining applications in modern systems computer vision applications in modern systems edge computing applications in modern systems blockchain applications in modern systems blockchain applications in modern systems cloud computing applications in modern systems cybersecurity applications in modern systems edge computing applications in modern systems big data analytics applications in modern systems blockchain applications in modern systems cybersecurity applications in modern systems edge computing applications in modern systems computer vision applications in modern systems deep learning applications in modern systems big data analytics applications in modern systems deep learning applications in modern systems cybersecurity applications in modern systems blockchain applications in modern systems 
john smith,blockchain applications in modern systems cloud computing applications in modern systems reinforcement learning applications in modern systems edge computing applications in modern systems data mining applications in modern systems computer vision applications in modern systems deep learning applications in modern systems edge computing applications in modern systems natural language processing applications in modern systems cybersecurity applications in modern systems graph neural networks applications in modern systems data mining applications in modern systems edge computing applications in modern systems big data analytics applications in modern systems computer vision applications in modern systems iot systems applications in modern systems big data analytics applications in modern systems computer vision applications in modern systems computer vision applications in modern systems cloud computing applications in modern systems natural language processing applications in modern systems quantum computing applications in modern systems 
john white,iot systems applications in modern systems cloud computing applications in modern systems iot systems applications in modern systems quantum computing applications in modern systems computer vision applications in modern systems reinforcement learning applications in modern systems blockchain applications in modern systems iot systems applications in modern systems cloud computing applications in modern systems cybersecurity applications in modern systems deep learning applications in modern systems iot systems applications in modern systems blockchain applications in modern systems cloud computing applications in modern systems blockchain applications in modern systems cybersecurity applications in modern systems deep learning applications in modern systems healthcare ai applications in modern systems quantum computing applications in modern systems deep learning applications in modern systems quantum computing applications in modern systems deep learning applications in modern systems 
lucas hall,natural language processing applications in modern systems cloud computing applications in modern systems data mining applications in modern systems iot systems applications in modern systems reinforcement learning applications in modern systems big data analytics applications in modern systems computer vision applications in modern systems healthcare ai applications in modern systems cloud computing applications in modern systems blockchain applications in modern systems computer vision applications in modern systems iot systems applications in modern systems big data analytics applications in modern systems iot systems applications in modern systems big data analytics applications in modern systems iot systems applications in modern systems graph neural networks applications in modern systems data mining applications in modern systems edge computing applications in modern systems deep learning applications in modern systems reinforcement learning applications in modern systems data mining applications in modern systems graph neural networks applications in modern systems big data analytics applications in modern systems reinforcement learning applications in modern systems computer vision applications in modern systems big data analytics applications in modern systems healthcare ai applications in modern systems quantum computing applications in modern systems cloud computing applications in modern systems iot systems applications in modern systems cybersecurity applications in modern systems big data analytics applications in modern systems natural language processing applications in modern systems graph neural networks applications in modern systems natural language processing applications in modern systems natural language processing applications in modern systems big data analytics applications in modern systems iot systems applications in modern systems 
mia brown,big data analytics applications in modern systems cloud computing applications in modern systems reinforcement learning applications in modern systems data mining applications in modern systems iot systems applications in modern systems natural language processing applications in modern systems data mining applications in modern systems cloud computing applications in modern systems natural language processing applications in modern systems graph neural networks applications in modern systems cloud computing applications in modern systems healthcare ai applications in modern systems cloud computing applications in modern systems quantum computing applications in modern systems healthcare ai applications in modern systems natural language processing applications in modern systems natural language processing applications in modern systems graph neural networks applications in modern systems big data analytics applications in modern systems big data analytics applications in modern systems deep learning applications in modern systems cloud computing applications in modern systems blockchain applications in modern systems edge computing applications in modern systems data mining applications in modern systems graph neural networks applications in modern systems iot systems applications in modern systems big data analytics applications in modern systems reinforcement learning applications in modern systems data mining applications in modern systems graph neural networks applications in modern systems cybersecurity applications in modern systems edge computing applications in modern systems cloud computing applications in modern systems natural language processing applications in modern systems cybersecurity applications in modern systems natural language processing applications in modern systems blockchain applications in modern systems healthcare ai applications in modern systems 
mia rodriguez,iot systems applications in modern systems computer vision applications in modern systems computer vision applications in modern systems cybersecurity applications in modern systems reinforcement learning applications in modern systems data mining applications in modern systems edge computing applications in modern systems healthcare ai applications in modern systems deep learning applications in modern systems iot systems applications in modern systems deep learning applications in modern systems computer vision applications in modern systems computer vision applications in modern systems cybersecurity applications in modern systems big data analytics applications in modern systems big data analytics applications in modern systems computer vision applications in modern systems computer vision applications in modern systems graph neural networks applications in modern systems healthcare ai applications in modern systems cybersecurity applications in modern systems cloud computing applications in modern systems big data analytics applications in modern systems deep learning applications in modern systems computer vision applications in modern systems edge computing applications in modern systems cloud computing applications in modern systems data mining applications in modern systems natural language processing applications in modern systems graph neural networks applications in modern systems reinforcement learning applications in modern systems reinforcement learning applications in modern systems edge computing applications in modern systems cybersecurity applications in modern systems 
mia walker,edge computing applications in modern systems healthcare ai applications in modern systems blockchain applications in modern systems cybersecurity applications in modern systems graph neural networks applications in modern systems iot systems applications in modern systems cloud computing applications in modern systems computer vision applications in modern systems edge computing applications in modern systems computer vision applications in modern systems blockchain applications in modern systems computer vision applications in modern systems blockchain applications in modern systems graph neural networks applications in modern systems healthcare ai applications in modern systems iot systems applications in modern systems cybersecurity applications in modern systems iot systems applications in modern systems deep learning applications in modern systems iot systems applications in modern systems cybersecurity applications in modern systems reinforcement learning applications in modern systems healthcare ai applications in modern systems healthcare ai applications in modern systems reinforcement learning applications in modern systems edge computing applications in modern systems reinforcement learning applications in modern systems natural language processing applications in modern systems quantum computing applications in modern systems deep learning applications in modern systems computer vision applications in modern systems reinforcement learning applications in modern systems reinforcement learning applications in modern systems cloud computing applications in modern systems natural language processing applications in modern systems blockchain applications in modern systems 
mia white,computer vision applications in modern systems cybersecurity applications in modern systems graph neural networks applications in modern systems quantum computing applications in modern systems cloud computing applications in modern systems iot systems applications in modern systems reinforcement learning applications in modern systems deep learning applications in modern systems edge computing applications in modern systems blockchain applications in modern systems edge computing applications in modern systems edge computing applications in modern systems data mining applications in modern systems quantum computing applications in modern systems big data analytics applications in modern systems blockchain applications in modern systems iot systems applications in modern systems deep learning applications in modern systems cybersecurity applications in modern systems big data analytics applications in modern systems reinforcement learning applications in modern systems cloud computing applications in modern systems quantum computing applications in modern systems iot systems applications in modern systems data mining applications in modern systems cybersecurity applications in modern systems big data analytics applications in modern systems edge computing applications in modern systems healthcare ai applications in modern systems iot systems applications in modern systems data mining applications in modern systems healthcare ai applications in modern systems cybersecurity applications in modern systems iot systems applications in modern systems reinforcement learning applications in modern systems iot systems applications in modern systems 
michael walker,deep learning applications in modern systems reinforcement learning applications in modern systems quantum computing applications in modern systems iot systems applications in modern systems graph neural networks applications in modern systems cybersecurity applications in modern systems cloud computing applications in modern systems edge computing applications in modern systems deep learning applications in modern systems data mining applications in modern systems cloud computing applications in modern systems edge computing applications in modern systems quantum computing applications in modern systems computer vision applications in modern systems cloud computing applications in modern systems reinforcement learning applications in modern systems healthcare ai applications in modern systems blockchain applications in modern systems cybersecurity applications in modern systems reinforcement learning applications in modern systems graph neural networks applications in modern systems healthcare ai applications in modern systems iot systems applications in modern systems natural language processing applications in modern systems big data analytics applications in modern systems reinforcement learning applications in modern systems iot systems applications in modern systems blockchain applications in modern systems quantum computing applications in modern systems healthcare ai applications in modern systems edge computing applications in modern systems computer vision applications in modern systems natural language processing applications in modern systems computer vision applications in modern systems computer vision applications in modern systems big data analytics applications in modern systems deep learning applications in modern systems graph neural networks applications in modern systems blockchain applications in modern systems natural language processing applications in modern systems data mining applications in modern systems 
olivia harris,quantum computing applications in modern systems graph neural networks applications in modern systems healthcare ai applications in modern systems edge computing applications in modern systems healthcare ai applications in modern systems natural language processing applications in modern systems computer vision applications in modern systems edge computing applications in modern systems edge computing applications in modern systems cybersecurity applications in modern systems computer vision applications in modern systems cloud computing applications in modern systems blockchain applications in modern systems cybersecurity applications in modern systems computer vision applications in modern systems deep learning applications in modern systems healthcare ai applications in modern systems reinforcement learning applications in modern systems cybersecurity applications in modern systems cloud computing applications in modern systems data mining applications in modern systems blockchain applications in modern systems natural language processing applications in modern systems blockchain applications in modern systems cybersecurity applications in modern systems cloud computing applications in modern systems cloud computing applications in modern systems healthcare ai applications in modern systems iot systems applications in modern systems blockchain applications in modern systems cybersecurity applications in modern systems big data analytics applications in modern systems reinforcement learning applications in modern systems natural language processing applications in modern systems natural language processing applications in modern systems healthcare ai applications in modern systems natural language processing applications in modern systems healthcare ai applications in modern systems big data analytics applications in modern systems 
sophia garcia,natural language processing applications in modern systems big data analytics applications in modern systems blockchain applications in modern systems quantum computing applications in modern systems cloud computing applications in modern systems quantum computing applications in modern systems natural language processing applications in modern systems edge computing applications in modern systems natural language processing applications in modern systems edge computing applications in modern systems data mining applications in modern systems big data analytics applications in modern systems reinforcement learning applications in modern systems big data analytics applications in modern systems edge computing applications in modern systems cloud computing applications in modern systems deep learning applications in modern systems healthcare ai applications in modern systems reinforcement learning applications in modern systems big data analytics applications in modern systems healthcare ai applications in modern systems data mining applications in modern systems computer vision applications in modern systems healthcare ai applications in modern systems deep learning applications in modern systems cloud computing applications in modern systems computer vision applications in modern systems blockchain applications in modern systems quantum computing applications in modern systems healthcare ai applications in modern systems graph neural networks applications in modern systems healthcare ai applications in modern systems iot systems applications in modern systems computer vision applications in modern systems computer vision applications in modern systems blockchain applications in modern systems quantum computing applications in modern systems iot systems applications in modern systems iot systems applications in modern systems 
sophia lee,cloud computing applications in modern systems big data analytics applications in modern systems graph neural networks applications in modern systems healthcare ai applications in modern systems deep learning applications in modern systems computer vision applications in modern systems natural language processing applications in modern systems iot systems applications in modern systems natural language processing applications in modern systems cybersecurity applications in modern systems deep learning applications in modern systems edge computing applications in modern systems blockchain applications in modern systems cybersecurity applications in modern systems healthcare ai applications in modern systems iot systems applications in modern systems data mining applications in modern systems cloud computing applications in modern systems blockchain applications in modern systems graph neural networks applications in modern systems healthcare ai applications in modern systems big data analytics applications in modern systems blockchain applications in modern systems cybersecurity applications in modern systems quantum computing applications in modern systems cloud computing applications in modern systems natural language processing applications in modern systems natural language processing applications in modern systems healthcare ai applications in modern systems cybersecurity applications in modern systems computer vision applications in modern systems edge computing applications in modern systems computer vision applications in modern systems big data analytics applications in modern systems computer vision applications in modern systems edge computing applications in modern systems 
sophia thomas,cybersecurity applications in modern systems graph neural networks applications in modern systems edge computing applications in modern systems data mining applications in modern systems edge computing applications in modern systems iot systems applications in modern systems cloud computing applications in modern systems edge computing applications in modern systems healthcare ai applications in modern systems edge computing applications in modern systems computer vision applications in modern systems data mining applications in modern systems reinforcement learning applications in modern systems cloud computing applications in modern systems graph neural networks applications in modern systems big data analytics applications in modern systems blockchain applications in modern systems cloud computing applications in modern systems cybersecurity applications in modern systems deep learning applications in modern systems cybersecurity applications in modern systems cybersecurity applications in modern systems healthcare ai applications in modern systems big data analytics applications in modern systems iot systems applications in modern systems cybersecurity applications in modern systems reinforcement learning applications in modern systems reinforcement learning applications in modern systems computer vision applications in modern systems blockchain applications in modern systems natural language processing applications in modern systems natural language processing applications in modern systems edge computing applications in modern systems iot systems applications in modern systems blockchain applications in modern systems deep learning applications in modern systems iot systems applications in modern systems 
william smith,deep learning applications in modern systems natural language processing applications in modern systems iot systems applications in modern systems big data analytics applications in modern systems computer vision applications in modern systems healthcare ai applications in modern systems edge computing applications in modern systems blockchain applications in modern systems natural language processing applications in modern systems graph neural networks applications in modern systems quantum computing applications in modern systems blockchain applications in modern systems cybersecurity applications in modern systems cybersecurity applications in modern systems computer vision applications in modern systems edge computing applications in modern systems deep learning applications in modern systems iot systems applications in modern systems cybersecurity applications in modern systems computer vision applications in modern systems data mining applications in modern systems cloud computing applications in modern systems computer vision applications in modern systems computer vision applications in modern systems big data analytics applications in modern systems cloud computing applications in modern systems natural language processing applications in modern systems blockchain applications in modern systems natural language processing applications in modern systems edge computing applications in modern systems cybersecurity applications in modern systems iot systems applications in modern systems blockchain applications in modern systems blockchain applications in modern systems healthcare ai applications in modern systems computer vision applications in modern systems cybersecurity applications in modern systems 
